data,label
alhamdulillah hasil belikan hp terimakasih,3
skandal body mantap,2
dapet ni normal an pcs,1
alhamdulillah sdh cairkan kasih semoga membawa kesuksesan,3
menjual superrrrrrr potongan dapatkan shopee,1
single storey terrace taman kembara rantau klang nego,1
assalamualaikum wrwbselamat pagi semuanyaijin buka lapak tanah milik pribadiprospektif pengembangan bisnis kontrakanperumahan mini cluster luas tanah m²shm no imb no imbgkeccmsada sumur sumber air baguslistrik daya vaakses jalan masuk truk dobelpagar tembok keliling meter pagar besi akses masuk lahanlokasi ciomas dampit kebun raya residencelink peta lokasi ditawarkan jt m² negofee nilai transaksi membantu proses penandatanganan ajbinfo silakanwa,1
peluang usahatanpa modal bergabung biotekno penghasilan tambahan jutaan rupiah keravailable angel premium info rr keep your ladies in hereready include exclude with ladies,1
pusat membeli kebutuhan sosmed terlengkap,1
cek gemma pants celana kantor anti kusut celana kerja wanita office pencil pants harga dapatkan shopee,1
apartment brunsfield riverview seksyen shah alam studio unit nett,1
gas dapet banyakk,1
kombinasi herbal atasi sembelit__madu temulagapom tr isi gr aturan minum sendok makan kali seharisari kurma madu angkak plus in al abrormembantu memelihara kesehatan tubuhpom tr netto gr gr aturan minum sendok makan kali sehari,1
agen followers,1
software ssvvip,1
pepsodent kids pasta gigi strawberry potongan,1
double storey brp taman bukit rahman putra sungai buloh nego,1
mandi dieue,2
wot mantap,2
my baby telon ml,1
asalammualaikum kak kasi info masuk tarik tunai agen briling keperluan seharihari dll,3
dapatkan uang tunai gratiscaranya klik,1
pict,1
assalamualaikum selamat malam alhamdulilah trik tunai trimaksih profitnya,3
need wr mmr mage utamakan safe aja reff dana,1
alhamdulillah konfirmasi masuk kasih semoga konsisten bertanggung,3
khusus bandung sekitrnya kaka motor jadiin dp motor yg,1
member bergabungatau investasi silahkanlangsung chat adminadmin trader,3
semi privat bulananpu device profil knetflix private account profbln kminat wa wame,1
double storey bandar hillpark puncak alam type mapel nego,1
followers followers followers followers kragu testi lengkapnya upsosmed_arnstore_trusted,1
ex minus kontak gm noreff monsep allkos bu nyelottt,1
tempatnya diskonancepett gudang bekasi nivea,1
shm sawah ld mbonus joglo hadap timur dpt kali view merapi akses mobil jalan cor beton harga lokasi pakem slemancp,1
eue si cantik,2
selamat siangizin gabung izin sharedijual tanah luas mshm lokasi jalan raya pemda talang sukahati cibinong bogordijual cepet jtmcp teri,1
menjual superrrrrrr potongan dapatkan shopee,1
nentot polwan,2
testimoni store_sayapunya,1
double storey bandar hillpark puncak alam facing open type olive nego,1
mmilik dijual tanah empangluas m²lokasi pengasinan sawangan depok jawa baratmobil masuk akses jalan beton,1
pemersatubangsa tiktok viralbokepers,2
peluang usahatanpa modal bergabung biotekno penghasilan tambahan jutaan rupiah kertolong bantu klik hadiah tertinggi bersamasama,1
layanan shopee layanan spotify layanan youtube dllcek,1
jubah toyobo mansetkancing petak premiumsize anak dewasaharga murmer banget lho info harga pemesananwa klik bitlyorderkerahmahlihat produk menarik bitlyjoinolshopku,1
title mythic fashion title unique destiny rare poin achievset bape hoodiefullset wanderer max s mopen twins hair and beard kepang jenggotm the fool level glacier level bag the fool and mythiclogin twitter kosongharga rmvia danaovogopaybankcontact dreamsoktaviachannel dreamsmingshop,1
apartment angsana usj subang jaya low cost nego,1
masuk hasil keuntungan terimakasih bimbingan bantuan perpanjang kontrak,3
prank ojol terbaru,2
uji nyali nih semoga beneran dikirim beli produk bayar doang,1
tidur,2
pembayaran deposit suport qris dana ovo gopay spay cnitcara daftar deposit pesan,1
fifty shades bdsm set made in usa,1
mio soul jt nego pajak hidup,1
android controled vibrator magic motion flamingo,1
al unch x rangga store dllunchek ff ml pubg fresh coc roblox by rangga store,1
ready stock all variant madu klanceng kmadu pahit mahoni kmadu hutan kmadu tawon gung kmadu kaliandra rosa wame,1
mahasiswi dipaksa preman,2
angel chan nud,2
top up game,1
prochiz anfilter harga terendah,1
anak sma,2
lancar luncur masuk lupa ribuan terimakasih menjalankan kewajibannya pengelola dana amanah,3
tobrut daster,2
cheker safe nabrak log facebook monton,1
tiktok bu,1
assalamualaikum alhamdulilah masuk rekening bank bri terimakasih bimbingannya sukses salam,3
luput kasih bertugas alhamdulillah berkat bergabung grup penghasilannya kasih masuk rekening,3
video viral indo terbaru viral_bokep,2
qnu platinum speaker quran lengkap juz dilengkapi buku panduan audio play ayat lembar surat halamansangat membantu hafalan insyaallah lengkapi kajian dauroh tajwid kajian kajian aqidah fiqih siroh dllpilihan warna green orange black red blue cyan pink hijau stabillopemesanan klik,1
kepic lunox dawnlimit codetstar nana luo yikagura summerspes ling moskovx,1
spec mantapemblem hero maxfull ss pm in ajak monsep safeno reff no delay no bacot beli kaga,1
yuk klaim besok gratis ongkir belanja diskon rb cashback sd rb cashback sd cashback sd jtcek selengkapnya,1
tawarin mlbb spek pemakaian ceweakun cewedana,1
mlbb oldex glory kcc ysskarrie epic limit sele virusgranger lb kung fu thamuzmonsep nomin allkos server anti kontak gm nyaopk nego aja,1
honda vario pajak hidupkm rb record kunci remotemesin cvt klistrikan jozzss komplit fakturminus pemakaian velg pake variasimahar nego dikitlok buaran jaktim,1
barat premium,2
assalamualaikum selamat siang info sdh sdh cairkan kasih ya,3
bdsm set premium black,1
rose flower vibrator,1
dapatkan diskon dp potongan tenor potongan angsuran nyaminat order hubungi wa inbox aja,1
alhamdulliah cair done maksih ya semoga berkah ya sukses berjamaah ya kak,3
coba cek deh declan sandal slide dripped deubi no box grey toko declanofficialshop tokopedia bebas ongkir lho,1
mini vibrator electric tickler,1
monsep email polosno minussafe tanggal desemberjualbt ml setaraspek lengkap klik,1
bikin testimoni cairkan perpanjang kontrak sore kk,3
acc lvl safe rpmmax mumy white mumy yellowopen riley sarahscar l mythic luminosm skin readyemote banyakselengkapnya cek sslogin twitter kosongharga rmvia danaovogopaybankcontact dreamsoktaviachannel dreamsmingshop,1
need wr mmr mage utamakan safe aja reff dana,1
sukses trading semoga bermanfaat amin alhamdulilah sungguh memuaskan trik tunai trimakasi,3
investasi grup investasi terpercaya modal aman terjamin lancar masuk rekening pribadi hasilnya tarik,3
full skin beatrix legend granger aspirant fanny layla angela collector ling kungfu ling thamuz epic limit metastarlight tahunan lesley starlight ori beatrixlingbrodyaamon skin ramewr gantengmonsep nominusrekber tabo ansos rozez,1
temukan emina bright stuff moisturizing cream ml potongan belinyaa,1
apartment seri kasturi setia alam nego,1
tocil bening,2
ukhti hijab biru,2
gini jajan ortu gak dehh ikutin mimin aplikasi yg viral nii namanya aplikasi snack video legal terdaftar ojk otoritas jaksa keuangan indonesia,1
sabun mandi batang bengkoang jd rbuanklaim voc dskon prduk,1
sange sm bantal,2
alhamdulilah,3
ucapkan terimakasih investor member bergabung program investasi semoga mermanfaat contoh generasi muda masyarakat indonesiaterimakasih keyakinannya member memilih investasi cuan cuan saham berusaha program investasi mewujudkan impian investor member indonesia rezeki semuakami cuan cuan sahamakan konsisten tawarkan investor member berminat join investasi cuan cuan saham tegaskan resiko lose investor member lose ganti trander dana jamin aman investor member keuntungan dana investasinyaminat join chat dibawah dermawan_cs,3
